variable_id,path,description,family,frequency,source,unit,panel_columns,n_series,date_min,date_max,file_exists
commodities_metals,macrodata/commodities/metals_wide.parquet,"Metals spot prices: gold (GOLDBLN), silver (SILVPM$ Perth Mint, from 2012; SLVCASH London fix, dead 2014), platinum (PLATFRE), palladium (PALLADM). Also LME aluminium (LAHCASH), aluminium alloy (LADCASH) and lead (LEDCASH).",commodity,daily,WRDS Datastream (tr_ds_comds),USD per troy oz (precious; SLVCASH in US cents per troy oz) / USD per metric ton (LME),Datastream mnemonic,8,1968-01-03,2026-09-16,True
commodities_energy,macrodata/commodities/energy_wide.parquet,"Energy commodity spot prices: Brent crude (OILBREN), Henry Hub gas (NATLGAS, dead 2020), heating oil (EIAHONY), gasoline (GSUNLRG).",commodity,daily,WRDS Datastream (tr_ds_comds),USD per barrel / USD per MMBTU / cents per gallon,Datastream mnemonic,4,1970-01-30,2026-09-15,True
commodities_agri,macrodata/commodities/agri_wide.parquet,"Agricultural commodity spot prices: wheat (WHEATMP), corn (CORNUS2), soybeans (SOYBEAN), coffee (COFDICA), cocoa (COCINUS), sugar (WSUGDLY), cotton (COTTONM).",commodity,daily,WRDS Datastream (tr_ds_comds),"USD per bushel (wheat, corn, soybeans) / cents per pound (coffee, sugar) / USD per pound (cotton) / USD per metric ton (cocoa)",Datastream mnemonic,7,1979-01-02,2026-09-15,True
commodities_indices,macrodata/commodities/indices_wide.parquet,"S&P GSCI (spot/total-return/excess-return), GSCI sub-indices (non-energy, agriculture, precious metals; spot and total return), Refinitiv Equal Weight Commodity Index (NYFECRB, ex-CRB, dead 2021).",commodity,daily,WRDS Datastream (tr_ds_comds),index,Datastream mnemonic,10,1956-09-28,2026-09-15,True
oil_wti_spot_fred,macrodata/oil/fred_wti_spot.parquet,"WTI crude oil spot price (Cushing, OK) from FRED (DCOILWTICO). Single series.",commodity,daily,FRED (DCOILWTICO),USD per barrel,single series,1,1986-01-02,2026-09-15,True
oil_wti_front_ds,macrodata/oil/ds_wti_front.parquet,"WTI crude oil spot price, Cushing (Datastream CRUDOIL; not a futures series despite the file name). Single series, cross-check for FRED DCOILWTICO.",commodity,daily,"WRDS Datastream (tr_ds_comds, mnemonic CRUDOIL)",USD per barrel,single series,1,1986-01-02,2026-09-15,True
oil_wti_curve,macrodata/oil_curve/wti_wide.parquet,NYMEX WTI futures term structure: nearby contracts 1–12 built from individual contracts ranked by last trading date. Columns are nearby positions. WRDS stopped updating NWS contracts after 2026-04-03.,commodity,daily,"WRDS Datastream (tr_ds_fut, prefix NWS)",USD per barrel,"nearby position F1..F12 (F1=front month, F2=next, …)",12,2006-04-04,2026-04-03,True
oil_brent_curve,macrodata/oil_curve/brent_wide.parquet,ICE Brent futures term structure: nearby contracts 1–12 built from individual contracts ranked by last trading date. Columns are nearby positions.,commodity,daily,"WRDS Datastream (tr_ds_fut, prefix LLC)",USD per barrel,"nearby position F1..F12 (F1=front month, F2=next, …)",12,2003-09-08,2026-09-15,True
oil_wti_curve_metrics,macrodata/oil_curve/wti_metrics.parquet,"WTI curve metrics: slope_12_1 = log(F12/F1)/11, slope_6_1 = log(F6/F1)/5 (log slope per month; negative = backwardation), spread_2_1 = F2-F1, spread_3_1 = F3-F1, basis = F1 - FRED spot.",commodity,daily,Derived from oil_wti_curve and FRED DCOILWTICO,"log slope per month (slopes) / USD per barrel (spreads, basis)",metric name,5,2006-04-04,2026-04-03,True
oil_brent_curve_metrics,macrodata/oil_curve/brent_metrics.parquet,"Brent curve metrics: slope_12_1, slope_6_1 (log slope per month), spread_2_1, spread_3_1. No basis column (no Brent spot series is used).",commodity,daily,Derived from oil_brent_curve,log slope per month (slopes) / USD per barrel (spreads),metric name,4,2003-09-08,2026-09-15,True
oil_curve_long,macrodata/oil_curve/oil_curve_long.parquet,"WTI and Brent futures curves stacked in long format: (date, commodity, tenor, price).",commodity,daily,"WRDS Datastream (tr_ds_fut, prefixes NWS and LLC)",USD per barrel,"long: one series per (commodity, tenor)",24,2003-09-08,2026-09-15,True
equity_price_index,macrodata/equity_indices/equity_pi_wide.parquet,"Country equity index price levels (pi_) for 47 countries. Columns are ISO2 codes mapped from Datastream index mnemonics (US=DJINDUS, JP=JAPDOWA, GB=FTATNOF, …; map in equity_meta.csv). BR is DJGL Brazil Financial Services, not IBOVESPA.",equity,daily,WRDS Datastream (tr_ds_equities.ds2indexdata),"index level in the index's own currency: local for most; USD for AT, BR, NG, RU, SG; JPY for CH, FR; EUR for DK, NO (equity_meta.csv isocurrcode)",ISO 3166-1 alpha-2 country code,47,1950-01-31,2026-09-16,True
equity_total_return,macrodata/equity_indices/equity_ri_wide.parquet,"Country equity index total return (ri, dividends reinvested) for 33 countries. Same structure as equity_price_index.",equity,daily,WRDS Datastream (tr_ds_equities.ds2indexdata),"total return index in the index's own currency: local for most; USD for AT, BR, NG, RU, SG; JPY for CH, FR; EUR for DK, NO",ISO 3166-1 alpha-2 country code,33,1956-01-31,2026-09-16,True
msci_gross_total_return,macrodata/msci/msci_gross_tr_wide.parquet,"MSCI Standard (large+mid cap) country index, gross total return, 45 countries (Russia excluded: index suspended 2022).",equity,monthly,"MSCI public index-performance webapp (priceLevel=41, currency=USD)","index level, USD",ISO 3166-1 alpha-2 country code,45,1990-01-31,2026-08-31,True
msci_price_return,macrodata/msci/msci_price_wide.parquet,"MSCI Standard (large+mid cap) country index, price return, 45 countries (Russia excluded: index suspended 2022).",equity,monthly,"MSCI public index-performance webapp (priceLevel=0, currency=USD)","index level, USD",ISO 3166-1 alpha-2 country code,45,1990-01-31,2026-08-31,True
fx_spot_vs_usd_by_country,macrodata/fx_spot/fx_spot_country_wide.parquet,"FX spot rates vs USD for 202 countries (each currency mapped to every country using it, via config/currency_country.csv). Columns are ISO 3166-1 alpha-3 country codes. All currencies, majors included, are local currency per 1 USD. From Compustat exrt_dly via cross-rates through the anchor currency.",fx,daily,WRDS Compustat (comp.exrt_dly),local currency per USD,ISO 3166-1 alpha-3 country code,202,1982-02-01,2026-09-18,True
fx_spot_vs_usd_by_currency,macrodata/fx_spot/fx_spot_currency_wide.parquet,"Same as fx_spot_vs_usd_by_country but columns are ISO 4217 currency codes (205, including legacy currencies).",fx,daily,WRDS Compustat (comp.exrt_dly),local currency per USD,ISO 4217 currency code,205,1982-02-01,2026-09-18,True
fx_spot_long,macrodata/fx_spot/fx_spot_long.parquet,"Compustat FX spot rates in long format: (date, currency, exratd).",fx,daily,WRDS Compustat (comp.exrt_dly),local currency per USD,long: one series per currency,205,1982-02-01,2026-09-18,True
fx_forward_long,macrodata/fx_forward/fx_forward_long.parquet,"All Datastream FX forward and spot rates vs USD in long format: (date, currency, tenor, rate). 58 tenors, 173 currencies. Units: USD per 1 unit of currency (inverse of fx_spot).",fx,daily,WRDS Datastream (tr_ds_equities.ds2fxcode + ds2fxrate),USD per unit of currency,"long: one series per (currency, tenor)",815,1983-08-01,2026-09-16,True
fx_spot_ds,macrodata/fx_forward/by_tenor/SPOT_wide.parquet,"FX spot rates from Datastream (ds2fxrate ratetypecode=SPOT), 173 currencies vs USD. Longer history than Compustat spot for some EM currencies.",fx,daily,"WRDS Datastream (tr_ds_equities.ds2fxrate, SPOT)",USD per unit of currency,ISO 4217 currency code,173,1983-08-01,2026-09-16,True
fx_forward_1m,macrodata/fx_forward/by_tenor/1MFD_wide.parquet,FX 1-month forward rates vs USD (Datastream ratetypecode=1MFD). Columns are ISO 4217 currency codes.,fx,daily,"WRDS Datastream (tr_ds_equities.ds2fxrate, 1MFD)",USD per unit of currency,ISO 4217 currency code,34,1990-05-25,2026-09-15,True
fx_forward_3m,macrodata/fx_forward/by_tenor/3MFD_wide.parquet,FX 3-month forward rates vs USD (Datastream ratetypecode=3MFD). Columns are ISO 4217 currency codes.,fx,daily,"WRDS Datastream (tr_ds_equities.ds2fxrate, 3MFD)",USD per unit of currency,ISO 4217 currency code,35,1990-05-25,2026-09-15,True
fx_forward_6m,macrodata/fx_forward/by_tenor/6MFD_wide.parquet,FX 6-month forward rates vs USD (Datastream ratetypecode=6MFD). Columns are ISO 4217 currency codes.,fx,daily,"WRDS Datastream (tr_ds_equities.ds2fxrate, 6MFD)",USD per unit of currency,ISO 4217 currency code,34,1990-05-25,2026-09-15,True
fx_forward_1y,macrodata/fx_forward/by_tenor/1YFD_wide.parquet,FX 1-year forward rates vs USD (Datastream ratetypecode=1YFD). Columns are ISO 4217 currency codes.,fx,daily,"WRDS Datastream (tr_ds_equities.ds2fxrate, 1YFD)",USD per unit of currency,ISO 4217 currency code,34,1990-05-25,2026-09-15,True
fx_forward_2y,macrodata/fx_forward/by_tenor/2YFD_wide.parquet,FX 2-year forward rates vs USD (Datastream ratetypecode=2YFD). Columns are ISO 4217 currency codes.,fx,daily,"WRDS Datastream (tr_ds_equities.ds2fxrate, 2YFD)",USD per unit of currency,ISO 4217 currency code,21,1996-02-28,2026-09-15,True
fx_forward_5y,macrodata/fx_forward/by_tenor/5YFD_wide.parquet,FX 5-year forward rates vs USD (Datastream ratetypecode=5YFD). Columns are ISO 4217 currency codes.,fx,daily,"WRDS Datastream (tr_ds_equities.ds2fxrate, 5YFD)",USD per unit of currency,ISO 4217 currency code,16,1996-11-04,2026-09-15,True
bis_reer,macrodata/bis_eer/reer_wide.parquet,"BIS real (CPI-based) effective exchange rates, broad basket, 64 economies, 1994–present.",fx,monthly,"BIS Statistics API (WS_EER, key M.R.B.)",index (2020=100),ISO 3166-1 alpha-2 country code,64,1994-01-01,2026-08-01,True
bis_neer,macrodata/bis_eer/neer_wide.parquet,"BIS nominal effective exchange rates, narrow basket, 26 economies, 1964–present.",fx,monthly,"BIS Statistics API (WS_EER, key M.N.N.)",index (2020=100),ISO 3166-1 alpha-2 country code,26,1964-01-01,2026-08-01,True
cftc_tff_dealer_net,macrodata/cftc_fx/tff_dealer_net_wide.parquet,"CFTC Commitments of Traders (Traders in Financial Futures, 2006–): net futures position (long - short, spreading excluded) of dealers/intermediaries in CME currency futures. Positions as of Tuesday.",fx,weekly,"CFTC Socrata API (TFF, gpe5-46if)",contracts (net),ISO currency code (EURGBP/EURJPY for crosses),13,2006-06-13,2026-09-15,True
cftc_tff_asset_mgr_net,macrodata/cftc_fx/tff_asset_mgr_net_wide.parquet,"CFTC Commitments of Traders (Traders in Financial Futures, 2006–): net futures position (long - short, spreading excluded) of asset managers in CME currency futures. Positions as of Tuesday.",fx,weekly,"CFTC Socrata API (TFF, gpe5-46if)",contracts (net),ISO currency code (EURGBP/EURJPY for crosses),13,2006-06-13,2026-09-15,True
cftc_tff_lev_money_net,macrodata/cftc_fx/tff_lev_money_net_wide.parquet,"CFTC Commitments of Traders (Traders in Financial Futures, 2006–): net futures position (long - short, spreading excluded) of leveraged funds in CME currency futures. Positions as of Tuesday.",fx,weekly,"CFTC Socrata API (TFF, gpe5-46if)",contracts (net),ISO currency code (EURGBP/EURJPY for crosses),13,2006-06-13,2026-09-15,True
cftc_tff_other_rept_net,macrodata/cftc_fx/tff_other_rept_net_wide.parquet,"CFTC Commitments of Traders (Traders in Financial Futures, 2006–): net futures position (long - short, spreading excluded) of other reportables in CME currency futures. Positions as of Tuesday.",fx,weekly,"CFTC Socrata API (TFF, gpe5-46if)",contracts (net),ISO currency code (EURGBP/EURJPY for crosses),13,2006-06-13,2026-09-15,True
cftc_tff_nonrept_net,macrodata/cftc_fx/tff_nonrept_net_wide.parquet,"CFTC Commitments of Traders (Traders in Financial Futures, 2006–): net futures position (long - short, spreading excluded) of non-reportables in CME currency futures. Positions as of Tuesday.",fx,weekly,"CFTC Socrata API (TFF, gpe5-46if)",contracts (net),ISO currency code (EURGBP/EURJPY for crosses),13,2006-06-13,2026-09-15,True
cftc_legacy_noncomm_net,macrodata/cftc_fx/legacy_noncomm_net_wide.parquet,"CFTC Commitments of Traders (legacy report, 1986–): net futures position (long - short, spreading excluded) of non-commercials in CME currency futures. Positions as of Tuesday.",fx,weekly,"CFTC Socrata API (legacy, 6dca-aqww)",contracts (net),ISO currency code (EURGBP/EURJPY for crosses),11,1986-01-15,2026-09-15,True
cftc_legacy_comm_net,macrodata/cftc_fx/legacy_comm_net_wide.parquet,"CFTC Commitments of Traders (legacy report, 1986–): net futures position (long - short, spreading excluded) of commercials in CME currency futures. Positions as of Tuesday.",fx,weekly,"CFTC Socrata API (legacy, 6dca-aqww)",contracts (net),ISO currency code (EURGBP/EURJPY for crosses),11,1986-01-15,2026-09-15,True
cftc_legacy_nonrept_net,macrodata/cftc_fx/legacy_nonrept_net_wide.parquet,"CFTC Commitments of Traders (legacy report, 1986–): net futures position (long - short, spreading excluded) of non-reportables in CME currency futures. Positions as of Tuesday.",fx,weekly,"CFTC Socrata API (legacy, 6dca-aqww)",contracts (net),ISO currency code (EURGBP/EURJPY for crosses),11,1986-01-15,2026-09-15,True
cftc_tff_open_interest,macrodata/cftc_fx/tff_open_interest_wide.parquet,"CFTC open interest in CME currency futures, TFF report (2006–).",fx,weekly,"CFTC Socrata API (TFF, gpe5-46if)",contracts,ISO currency code (EURGBP/EURJPY for crosses),13,2006-06-13,2026-09-15,True
cftc_legacy_open_interest,macrodata/cftc_fx/legacy_open_interest_wide.parquet,"CFTC open interest in CME currency futures, legacy report (1986–; pre-1999 ECU rows dropped from EUR).",fx,weekly,"CFTC Socrata API (legacy, 6dca-aqww)",contracts,ISO currency code,11,1986-01-15,2026-09-15,True
cftc_fx_long,macrodata/cftc_fx/cftc_fx_long.parquet,"CFTC FX positioning, all fields from both reports stacked (long/short/spreading by trader category, open interest, nets); report column = tff/legacy.",fx,weekly,CFTC Socrata API (TFF gpe5-46if + legacy 6dca-aqww),contracts,"long: one series per (report, contract_code)",24,1986-01-15,2026-09-15,True
cbpol_central_bank_rate,macrodata/interest_rates/cbpol_wide.parquet,"Central bank policy rates, daily, 49 columns: 48 countries + XM (euro area); 38 still reporting in 2026 (10 pre-euro national rates end 1998–2022; AR ends 2025-07). GB, FR, IT, JP, NL, CH, DK, ES, PT, BE, AT, IN, SE from 1946, DE 1948, US 1954, CA 1960; most EM from the late 1980s–2000s.",rates,daily,BIS Statistics API (WS_CBPOL),percent per annum,ISO 3166-1 alpha-2 country code,49,1946-01-01,2026-09-15,True
bond_yield_10y,macrodata/interest_rates/bond_yield_10y_wide.parquet,"Government bond yields, monthly, 41 countries; 10-year benchmark except KR (3-year), BE (6-years-and-over) and MX (UDIBONO, inflation-linked). DE, GB, IE, PT and GR end 2019-09. End-of-period unless noted in config/datasets.yaml.",rates,monthly,WRDS Datastream (tr_ds_econ.ecodata),percent per annum,ISO 3166-1 alpha-2 country code,41,1950-01-01,2026-09-01,True
volatility_vix,macrodata/vol/vol_daily.parquet,"Volatility indices: VIX (30-day implied vol on S&P 500) and VIX3M (formerly VXV, 3-month). Wide format, columns vix and vix3m.",vol,daily,"FRED (VIXCLS, VXVCLS)",annualised percent,index name,2,1990-01-02,2026-09-17,True
wb_cpi_level,macrodata/inflation/wb_cpi_wide.parquet,Consumer price index level (2010=100) from World Bank for ~192 countries.,macro,annual,World Bank (FP.CPI.TOTL),index (2010=100),ISO 3166-1 alpha-3 country code,192,1960-01-01,2025-01-01,True
wb_inflation_rate,macrodata/inflation/wb_inflation_wide.parquet,Annual CPI inflation rate (%) from World Bank for ~193 countries.,macro,annual,World Bank (FP.CPI.TOTL.ZG),percent per year,ISO 3166-1 alpha-3 country code,193,1960-01-01,2025-01-01,True
cpi_monthly_index,macrodata/cpi_monthly/cpi_index_wide.parquet,"Monthly CPI index levels (IMF IFS line 64, consumer prices all items) for 164 countries. Columns are Datastream mnemonics {CC}I64...F; country names in cpi_meta.csv. Base year varies by country.",macro,monthly,WRDS Datastream (tr_ds_econ; IMF IFS),index (base year varies by country),Datastream mnemonic ({CC}I64...F),164,1950-01-01,2026-08-01,True
cpi_monthly_yoy,macrodata/cpi_monthly/cpi_yoy_wide.parquet,"Monthly CPI inflation, year-over-year % change of cpi_monthly_index (pct_change(12) * 100), 164 countries.",macro,monthly,Derived from cpi_monthly_index,percent (year over year),Datastream mnemonic ({CC}I64...F),164,1950-01-01,2026-08-01,True
wb_gdp_usd,macrodata/macro/wide/wb_gdp_usd.parquet,GDP in current USD for ~214 countries.,macro,annual,World Bank (NY.GDP.MKTP.CD),current USD,ISO 3166-1 alpha-3 country code,214,1960-01-01,2025-01-01,True
wb_gdp_growth,macrodata/macro/wide/wb_gdp_growth.parquet,Real GDP growth rate (%) for ~214 countries.,macro,annual,World Bank (NY.GDP.MKTP.KD.ZG),percent per year,ISO 3166-1 alpha-3 country code,214,1961-01-01,2025-01-01,True
wb_gdp_per_capita,macrodata/macro/wide/wb_gdp_pcap_usd.parquet,GDP per capita in current USD for ~214 countries.,macro,annual,World Bank (NY.GDP.PCAP.CD),current USD,ISO 3166-1 alpha-3 country code,214,1960-01-01,2025-01-01,True
wb_household_consumption,macrodata/macro/wide/wb_consumption_hh.parquet,Household final consumption expenditure (current USD) for ~190 countries.,macro,annual,World Bank (NE.CON.PRVT.CD),current USD,ISO 3166-1 alpha-3 country code,190,1960-01-01,2025-01-01,True
wb_govt_consumption,macrodata/macro/wide/wb_consumption_govt.parquet,"Government final consumption expenditure (current USD) for ~188 countries. This is the G in C+I+G+NX, NOT fiscal revenue/expenditure.",macro,annual,World Bank (NE.CON.GOVT.CD),current USD,ISO 3166-1 alpha-3 country code,188,1960-01-01,2025-01-01,True
wb_investment,macrodata/macro/wide/wb_investment.parquet,Gross fixed capital formation (current USD) for ~181 countries.,macro,annual,World Bank (NE.GDI.FTOT.CD),current USD,ISO 3166-1 alpha-3 country code,181,1960-01-01,2025-01-01,True
wb_exports,macrodata/macro/wide/wb_exports.parquet,Exports of goods and services (current USD) for ~194 countries.,macro,annual,World Bank (NE.EXP.GNFS.CD),current USD,ISO 3166-1 alpha-3 country code,194,1960-01-01,2025-01-01,True
wb_imports,macrodata/macro/wide/wb_imports.parquet,Imports of goods and services (current USD) for ~194 countries.,macro,annual,World Bank (NE.IMP.GNFS.CD),current USD,ISO 3166-1 alpha-3 country code,194,1960-01-01,2025-01-01,True
wb_current_account,macrodata/macro/wide/wb_current_account.parquet,Current account balance (current USD) for ~200 countries.,macro,annual,World Bank (BN.CAB.XOKA.CD),current USD,ISO 3166-1 alpha-3 country code,200,1960-01-01,2025-01-01,True
wb_fdi_inflows,macrodata/macro/wide/wb_fdi_inflows.parquet,Foreign direct investment net inflows (current USD) for ~204 countries.,macro,annual,World Bank (BX.KLT.DINV.CD.WD),current USD,ISO 3166-1 alpha-3 country code,204,1970-01-01,2025-01-01,True
wb_fdi_outflows,macrodata/macro/wide/wb_fdi_outflows.parquet,Foreign direct investment net outflows (current USD) for ~198 countries.,macro,annual,World Bank (BM.KLT.DINV.CD.WD),current USD,ISO 3166-1 alpha-3 country code,198,1970-01-01,2025-01-01,True
wb_portfolio_equity_flows,macrodata/macro/wide/wb_portfolio_equity.parquet,Portfolio equity net inflows (current USD) for ~186 countries.,macro,annual,World Bank (BX.PEF.TOTL.CD.WD),current USD,ISO 3166-1 alpha-3 country code,186,1960-01-01,2025-01-01,True
wb_macro_panel,macrodata/macro/panel/macro_panel_wide.parquet,"Country-year panel of the 12 World Bank macro indicators above (gdp_usd, gdp_growth_pct, …, portfolio_equity_usd), one column each.",macro,annual,World Bank (indicators as in the wb_* rows),current USD (gdp_growth_pct: percent),"panel: rows (year, iso3c, iso2c, country_name) × indicator columns; n_series = countries",216,1960-01-01,2025-01-01,True
weo_gdp_usd,macrodata/imf_weo/weo_ngdpd_wide.parquet,"GDP in current USD (billions) from IMF WEO, 196 countries, 1980–2029 (incl. projections).",macro,annual,IMF World Economic Outlook Oct 2024 (NGDPD),billions of current USD,country name,196,1980-01-01,2029-01-01,True
weo_gdp_growth,macrodata/imf_weo/weo_ngdp_rpch_wide.parquet,"Real GDP growth rate (%) from IMF WEO, 196 countries.",macro,annual,IMF World Economic Outlook Oct 2024 (NGDP_RPCH),percent per year,country name,196,1980-01-01,2029-01-01,True
weo_inflation,macrodata/imf_weo/weo_pcpipch_wide.parquet,"CPI inflation rate (%, average consumer prices) from IMF WEO, 196 countries.",macro,annual,IMF World Economic Outlook Oct 2024 (PCPIPCH),percent per year,country name,196,1980-01-01,2029-01-01,True
weo_current_account_pct_gdp,macrodata/imf_weo/weo_bca_ngdpd_wide.parquet,"Current account balance (% of GDP) from IMF WEO, 195 countries.",macro,annual,IMF World Economic Outlook Oct 2024 (BCA_NGDPD),percent of GDP,country name,195,1980-01-01,2029-01-01,True
weo_unemployment,macrodata/imf_weo/weo_lur_wide.parquet,"Unemployment rate (%) from IMF WEO, 114 countries.",macro,annual,IMF World Economic Outlook Oct 2024 (LUR),percent of labor force,country name,114,1980-01-01,2029-01-01,True
weo_govt_revenue_pct_gdp,macrodata/imf_weo/weo_ggr_ngdp_wide.parquet,"General government revenue (% of GDP) from IMF WEO, 196 countries.",fiscal,annual,IMF World Economic Outlook Oct 2024 (GGR_NGDP),percent of GDP,country name,196,1980-01-01,2029-01-01,True
weo_govt_expenditure_pct_gdp,macrodata/imf_weo/weo_ggx_ngdp_wide.parquet,"General government total expenditure (% of GDP) from IMF WEO, 196 countries.",fiscal,annual,IMF World Economic Outlook Oct 2024 (GGX_NGDP),percent of GDP,country name,196,1980-01-01,2029-01-01,True
weo_fiscal_balance_pct_gdp,macrodata/imf_weo/weo_ggxcnl_ngdp_wide.parquet,"General government net lending/borrowing = fiscal balance (% of GDP) from IMF WEO, 196 countries.",fiscal,annual,IMF World Economic Outlook Oct 2024 (GGXCNL_NGDP),percent of GDP,country name,196,1980-01-01,2029-01-01,True
weo_primary_balance_pct_gdp,macrodata/imf_weo/weo_ggxonlb_ngdp_wide.parquet,"General government primary net lending/borrowing (% of GDP) from IMF WEO, 188 countries.",fiscal,annual,IMF World Economic Outlook Oct 2024 (GGXONLB_NGDP),percent of GDP,country name,188,1980-01-01,2029-01-01,True
weo_govt_debt_gross_pct_gdp,macrodata/imf_weo/weo_ggxwdg_ngdp_wide.parquet,"General government gross debt (% of GDP) from IMF WEO, 194 countries.",fiscal,annual,IMF World Economic Outlook Oct 2024 (GGXWDG_NGDP),percent of GDP,country name,194,1980-01-01,2029-01-01,True
weo_govt_debt_net_pct_gdp,macrodata/imf_weo/weo_ggxwdn_ngdp_wide.parquet,"General government net debt (% of GDP) from IMF WEO, 91 countries.",fiscal,annual,IMF World Economic Outlook Oct 2024 (GGXWDN_NGDP),percent of GDP,country name,91,1980-01-01,2029-01-01,True
weo_fiscal_balance_lcu,macrodata/imf_weo/weo_ggxcnl_wide.parquet,"General government net lending/borrowing in levels, national currency (not comparable across countries), IMF WEO, 196 countries.",fiscal,annual,IMF World Economic Outlook Oct 2024 (GGXCNL),"national currency, billions",country name,196,1980-01-01,2029-01-01,True
weo_primary_balance_lcu,macrodata/imf_weo/weo_ggxonlb_wide.parquet,"General government primary net lending/borrowing in levels, national currency, IMF WEO, 188 countries.",fiscal,annual,IMF World Economic Outlook Oct 2024 (GGXONLB),"national currency, billions",country name,188,1980-01-01,2029-01-01,True
weo_govt_debt_gross_lcu,macrodata/imf_weo/weo_ggxwdg_wide.parquet,"General government gross debt in levels, national currency, IMF WEO, 194 countries.",fiscal,annual,IMF World Economic Outlook Oct 2024 (GGXWDG),"national currency, billions",country name,194,1980-01-01,2029-01-01,True
weo_govt_debt_net_lcu,macrodata/imf_weo/weo_ggxwdn_wide.parquet,"General government net debt in levels, national currency, IMF WEO, 91 countries.",fiscal,annual,IMF World Economic Outlook Oct 2024 (GGXWDN),"national currency, billions",country name,91,1980-01-01,2029-01-01,True
weo_long,macrodata/imf_weo/weo_long.parquet,"All 15 WEO subjects in long format: (date, country, subject_code, subject_descriptor, units, value).",macro,annual,IMF World Economic Outlook Oct 2024,varies by subject (units column),"long: one series per (country, subject_code)",2627,1980-01-01,2029-01-01,True
bop_q_ca,macrodata/bop_quarterly/ca_wide.parquet,"Quarterly balance of payments: current account balance (IMF IFS via Datastream, mnemonic {CC}I109BXF). BPM6 signs: financial-account assets/liabilities positive = net acquisition/incurrence.",external,quarterly,WRDS Datastream (tr_ds_econ; IMF IFS BOP),"USD millions (typical; units not stored, see tr_ds_econ.wrds_ecoinfo)",country name (Datastream prefix; see bop_meta.csv),120,1970-01-01,2026-04-01,True
bop_q_goods_balance,macrodata/bop_quarterly/goods_balance_wide.parquet,"Quarterly balance of payments: goods balance (IMF IFS via Datastream, mnemonic {CC}I1A9BXF). BPM6 signs: financial-account assets/liabilities positive = net acquisition/incurrence.",external,quarterly,WRDS Datastream (tr_ds_econ; IMF IFS BOP),"USD millions (typical; units not stored, see tr_ds_econ.wrds_ecoinfo)",country name (Datastream prefix; see bop_meta.csv),120,1970-01-01,2026-04-01,True
bop_q_capital_account,macrodata/bop_quarterly/capital_account_wide.parquet,"Quarterly balance of payments: capital account balance (IMF IFS via Datastream, mnemonic {CC}I209BAA). BPM6 signs: financial-account assets/liabilities positive = net acquisition/incurrence.",external,quarterly,WRDS Datastream (tr_ds_econ; IMF IFS BOP),"USD millions (typical; units not stored, see tr_ds_econ.wrds_ecoinfo)",country name (Datastream prefix; see bop_meta.csv),111,1970-01-01,2026-04-01,True
bop_q_financial_account,macrodata/bop_quarterly/financial_account_wide.parquet,"Quarterly balance of payments: financial account balance (IMF IFS via Datastream, mnemonic {CC}I309NAA). BPM6 signs: financial-account assets/liabilities positive = net acquisition/incurrence.",external,quarterly,WRDS Datastream (tr_ds_econ; IMF IFS BOP),"USD millions (typical; units not stored, see tr_ds_econ.wrds_ecoinfo)",country name (Datastream prefix; see bop_meta.csv),116,1970-01-01,2026-04-01,True
bop_q_fdi_assets,macrodata/bop_quarterly/fdi_assets_wide.parquet,"Quarterly balance of payments: direct investment, assets (IMF IFS via Datastream, mnemonic {CC}I3A9AAA). BPM6 signs: financial-account assets/liabilities positive = net acquisition/incurrence.",external,quarterly,WRDS Datastream (tr_ds_econ; IMF IFS BOP),"USD millions (typical; units not stored, see tr_ds_econ.wrds_ecoinfo)",country name (Datastream prefix; see bop_meta.csv),111,1970-01-01,2026-04-01,True
bop_q_fdi_liabs,macrodata/bop_quarterly/fdi_liabs_wide.parquet,"Quarterly balance of payments: direct investment, liabilities (IMF IFS via Datastream, mnemonic {CC}I3A9LAA). BPM6 signs: financial-account assets/liabilities positive = net acquisition/incurrence.",external,quarterly,WRDS Datastream (tr_ds_econ; IMF IFS BOP),"USD millions (typical; units not stored, see tr_ds_econ.wrds_ecoinfo)",country name (Datastream prefix; see bop_meta.csv),116,1970-01-01,2026-04-01,True
bop_q_portfolio_assets,macrodata/bop_quarterly/portfolio_assets_wide.parquet,"Quarterly balance of payments: portfolio investment, assets (IMF IFS via Datastream, mnemonic {CC}I3B9AAA). BPM6 signs: financial-account assets/liabilities positive = net acquisition/incurrence.",external,quarterly,WRDS Datastream (tr_ds_econ; IMF IFS BOP),"USD millions (typical; units not stored, see tr_ds_econ.wrds_ecoinfo)",country name (Datastream prefix; see bop_meta.csv),111,1970-01-01,2026-04-01,True
bop_q_portfolio_liabs,macrodata/bop_quarterly/portfolio_liabs_wide.parquet,"Quarterly balance of payments: portfolio investment, liabilities (IMF IFS via Datastream, mnemonic {CC}I3B9LAA). BPM6 signs: financial-account assets/liabilities positive = net acquisition/incurrence.",external,quarterly,WRDS Datastream (tr_ds_econ; IMF IFS BOP),"USD millions (typical; units not stored, see tr_ds_econ.wrds_ecoinfo)",country name (Datastream prefix; see bop_meta.csv),109,1970-01-01,2026-04-01,True
bop_q_other_inv_assets,macrodata/bop_quarterly/other_inv_assets_wide.parquet,"Quarterly balance of payments: other investment, assets (IMF IFS via Datastream, mnemonic {CC}I3D9AAA). BPM6 signs: financial-account assets/liabilities positive = net acquisition/incurrence.",external,quarterly,WRDS Datastream (tr_ds_econ; IMF IFS BOP),"USD millions (typical; units not stored, see tr_ds_econ.wrds_ecoinfo)",country name (Datastream prefix; see bop_meta.csv),115,1970-01-01,2026-04-01,True
bop_q_other_inv_liabs,macrodata/bop_quarterly/other_inv_liabs_wide.parquet,"Quarterly balance of payments: other investment, liabilities (IMF IFS via Datastream, mnemonic {CC}I3D9LAA). BPM6 signs: financial-account assets/liabilities positive = net acquisition/incurrence.",external,quarterly,WRDS Datastream (tr_ds_econ; IMF IFS BOP),"USD millions (typical; units not stored, see tr_ds_econ.wrds_ecoinfo)",country name (Datastream prefix; see bop_meta.csv),116,1970-01-01,2026-04-01,True
bop_q_reserve_assets,macrodata/bop_quarterly/reserve_assets_wide.parquet,"Quarterly balance of payments: reserve assets (IMF IFS via Datastream, mnemonic {CC}I3E9AAA). BPM6 signs: financial-account assets/liabilities positive = net acquisition/incurrence.",external,quarterly,WRDS Datastream (tr_ds_econ; IMF IFS BOP),"USD millions (typical; units not stored, see tr_ds_econ.wrds_ecoinfo)",country name (Datastream prefix; see bop_meta.csv),116,1970-01-01,2026-04-01,True
capital_flows_panel,macrodata/capital_flows/panel/capital_flows_wide.parquet,"IMF BOP flows (dataset=bop_flow) and IIP stocks (dataset=iip_stock) by functional category: FDI, portfolio equity/debt, other investment, reserves (assets/liabilities/net), plus CA/KA/FA balances and NIIP. One column per indicator; per-indicator year × country files in macrodata/capital_flows/wide/.",external,annual,"IMF BOP + IIP (api.imf.org, BPM6)",USD,"panel: rows (year, iso3c, dataset) × 34 indicator columns; n_series = countries",206,1980-01-01,2025-01-01,True
capital_flows_long,macrodata/capital_flows/panel/capital_flows_long.parquet,"Same data as capital_flows_panel in long format: (year, iso3c, indicator, value, dataset).",external,annual,"IMF BOP + IIP (api.imf.org, BPM6)",USD,"long: one series per (iso3c, indicator)",6529,1980-01-01,2025-01-01,True
bilateral_portfolio_positions,macrodata/bilateral/cpis_long.parquet,"IMF Portfolio Investment Positions by counterpart economy (formerly CPIS): holdings of reporter in securities issued by counterpart; total, equity, debt, long-/short-term debt. 94 reporters; counterpart G001 = world.",external,annual,IMF PIP (api.imf.org),USD,"long: one series per (reporter, counterpart, indicator)",98094,2001-01-01,2024-01-01,True
bilateral_fdi_positions,macrodata/bilateral/cdis_long.parquet,"IMF Direct Investment Positions by counterpart economy (formerly CDIS): inward/outward FDI positions (total, equity, debt), directional principle. 143 reporters.",external,annual,IMF DIP (api.imf.org),USD,"long: one series per (reporter, counterpart, indicator)",152209,2009-01-01,2024-01-01,True
bis_intl_debt_by_nationality,macrodata/bis_debt_sec/bis_debt_sec_by_nat_wide.parquet,"BIS international debt securities, amounts outstanding, by issuer nationality (issuer_res=3P 'all countries excluding residents', issuer_nat=country); all maturities, all-sector, all-currency totals. 155 countries, quarterly, 1993-Q1–present.",fiscal,quarterly,"BIS Statistics API (WS_DEBT_SEC2_PUB, MEASURE=I)",USD millions,ISO 3166-1 alpha-2 country code,155,1993-01-01,2026-04-01,True
bis_intl_debt_by_residence,macrodata/bis_debt_sec/bis_debt_sec_by_res_wide.parquet,"BIS international debt securities, amounts outstanding, by issuer residence (issuer_res=country, issuer_nat=3P); all maturities, all-sector, all-currency totals. 158 countries, quarterly, 1993-Q1–present.",fiscal,quarterly,"BIS Statistics API (WS_DEBT_SEC2_PUB, MEASURE=I)",USD millions,ISO 3166-1 alpha-2 country code,158,1993-01-01,2026-04-01,True
bis_lbs_crossborder_claims,macrodata/bis_lbs/bis_lbs_wide.parquet,"BIS Locational Banking Statistics: total cross-border claims of reporting banking systems on all counterparties (USD millions). 48 reporting countries, quarterly, 2000–present.",macro,quarterly,"BIS Statistics API (WS_LBS_D_PUB, key Q.S.C.A.TO1.A.5J.A)",USD millions,ISO 3166-1 alpha-2 country code (reporting banking system),48,2000-01-01,2026-01-01,True
tic_foreign_holders,macrodata/tic/tic_holdings_wide.parquet,"Foreign holdings of US Treasury securities (billions USD). 53 columns: countries plus the groupings 'Oil Exporters' and 'Carib Bnkng Ctrs'; 19–45 holders listed per month. Monthly, 2000-03–present.",monetary,monthly,US Treasury TIC (mfhhis01.txt + slt_table5.txt),billions of USD,country name,53,2000-03-01,2026-07-01,True
sovereign_debt_panel,macrodata/sovereign_debt/ids_panel.parquet,"Country-year panel of PPG external debt, debt service and arrears, GDP, and partial default (arrears / (arrears + PPG debt service); in_default = partial_default > 1%), after Arellano, Mateos-Planas & Ríos-Rull (JPE 2023). Countries IDS no longer covers are filled from WDI and WDI archive vintages (data_source column).",fiscal,annual,World Bank IDS (source 6) + WDI (source 2) + WDI archives (source 57),"current USD (levels); ratios (partial_default, *_gdp)","panel: rows (iso3c, year) × variable columns; n_series = countries",131,1970-01-01,2024-01-01,True
sovereign_debt_ids_long,macrodata/sovereign_debt/ids_long.parquet,"Every pulled World Bank IDS series in long format, actual years only (projections dropped); includes aggregates (is_aggregate).",fiscal,annual,World Bank IDS (source 6),current USD,"long: one series per (iso3c, series)",3546,1970-01-01,2024-01-01,True
partial_default,macrodata/sovereign_debt/partial_default_wide.parquet,"Partial default rate = PPG arrears / (arrears + PPG debt service), 0 when no arrears; year × country.",fiscal,annual,Derived from World Bank IDS / WDI (see sovereign_debt_panel),ratio (0–1),ISO 3166-1 alpha-3 country code,131,1970-01-01,2024-01-01,True
